date,wood,tweet,article-url,article-headline,image-url
2018-02-02,SLAVE TEACH OUTRAGE,https://twitter.com/NYDailyNews/status/959252243567513601,http://www.nydailynews.com/new-york/education/bronx-teacher-sparks-outrage-cruel-slavery-lesson-article-1.3793930,Bronx teacher sparks outrage for using black students in cruel slavery lesson,https://pbs.twimg.com/media/DU_yixWXkAAhmvq.jpg
2018-02-03,ATTACK ON AMERICA,https://twitter.com/NYDailyNews/status/959599189796839425,http://www.nydailynews.com/news/politics/memo-alleging-fbi-bias-released-trump-blasts-feds-article-1.3795044,Controversial GOP-penned memo claims Democrat-funded dossier's role in Russia investigation proves bias at FBI,https://pbs.twimg.com/media/DVEuWYHVQAANzak.jpg
2018-02-04,THE BORSCHT BET,https://twitter.com/NYDailyNews/status/959989757072826369,http://www.nydailynews.com/new-york/catskills-takes-chance-opening-900m-hotel-casino-article-1.3797457,Catskills takes chance opening $900M hotel and casino,https://pbs.twimg.com/media/DVKRD4lWkAAn1DE.jpg
2018-02-05,FOR THE BIRDS,https://twitter.com/NYDailyNews/status/960359863602831360,http://www.nydailynews.com/sports/football/nick-foles-eagles-defeat-patriots-super-bowl-41-33-article-1.3799289,Nick Foles and Eagles stun Tom Brady and Patriots in 41-33 victory for first Super Bowl championship,https://pbs.twimg.com/media/DVPiGtXXkAEUAYp.jpg
2018-02-06,DAY TRAITOR,https://twitter.com/NYDailyNews/status/960708567203549185,http://www.nydailynews.com/news/politics/trump-slams-treasonous-dems-failing-clap-sotu-article-1.3801155,President Trump slams ‘treasonous’ Dems for failing to clap at his first State of the Union,https://pbs.twimg.com/media/DVUeN4TUMAIJktz.jpg
2018-02-07,EMPEROR HAS NO CLOSE,https://twitter.com/NYDailyNews/status/961042059997085696,http://www.nydailynews.com/opinion/shut-trump-officially-obstacle-budget-deal-article-1.3803841,Shut him down: President Trump is officially an obstacle to a budget deal,https://pbs.twimg.com/media/DVZOpTSXcAAN0iO.jpg
2018-02-08,MALCOLM X NAME SHAME,https://twitter.com/NYDailyNews/status/961429697585434625,http://www.nydailynews.com/new-york/education/queens-student-malcolm-x-senior-sweater-article-1.3806658,"Queens school rejects student’s bid to add his name Malcolm X on senior sweater, then mocks him",https://pbs.twimg.com/media/DVeukpQV4AEXME2.jpg
2018-02-09,How is this offensive?,https://twitter.com/NYDailyNews/status/961791369185505280,http://www.nydailynews.com/new-york/education/school-won-malcolm-x-student-senior-sweater-article-1.3809130,Stubborn high school refuses to allow ‘Malcolm X’ on student’s senior sweater despite outcry,https://pbs.twimg.com/media/DVj39KoXkAEtUth.jpg
2018-02-10,SLAP IN THE FACE,https://twitter.com/NYDailyNews/status/962162251435212801,http://www.nydailynews.com/news/politics/trump-applauds-rob-porter-white-house-work-abuse-claims-article-1.3810544,President Trump applauds accused abuser Rob Porter’s work as White House staff secretary,https://pbs.twimg.com/media/DVpHg43X4AAZVvR.jpg
2018-02-11,"READING, WRITING & RACISM",https://twitter.com/NYDailyNews/status/962501234472210434,http://www.nydailynews.com/new-york/racist-principal-bars-black-history-lessons-bronx-school-article-1.3812943,"Bronx principal probed after creating hostile environment for black teachers, students: ‘She’s a racist’",https://pbs.twimg.com/media/DVt9xS6UMAASLQu.jpg
2018-02-12,WATER BOARD PRISON HELL,https://twitter.com/NYDailyNews/status/962880307350425600,http://www.nydailynews.com/new-york/sadistic-prison-guard-accused-torturing-inmates-article-1.3814654,"Merciless prison guard faces investigation over waterboarding inmates, beating their genitals",https://pbs.twimg.com/media/DVzWUmUW0AAfho-.jpg
2018-02-13,BRIAN HAS NO ⚾⚾!,https://twitter.com/NYDailyNews/status/963237076555706368,http://www.nydailynews.com/sports/baseball/yankees/goose-gossage-spurned-yankees-rips-f-king-a-hole-cashman-article-1.3815733,"Goose Gossage spurned by Yankees, rips Brian Cashman: With power 'you turn into a f--king a--hole'",https://pbs.twimg.com/media/DV4asFdVoAAeQL-.jpg
2018-02-14,PRINCIPAL FLUNKS HISTORY AGAIN!,https://twitter.com/NYDailyNews/status/963605615691096064,http://www.nydailynews.com/new-york/education/bronx-principal-accused-racism-faces-bias-blunder-article-1.3819178,"Bronx principal accused of racism seizes class project from black students, driving them to tears",https://pbs.twimg.com/media/DV9qDfXW4AA_W1l.jpg
2018-02-15,THIS IS US,https://twitter.com/NYDailyNews/status/963953279565692928,http://www.nydailynews.com/opinion/don-care-article-1.3821456,"All-American shame: As a nation, we do not care",https://pbs.twimg.com/media/DWCmMqcW0AIDSj3.jpg
2018-02-16,"Is my school next, mommy?",https://twitter.com/NYDailyNews/status/964322741976489984,http://www.nydailynews.com/news/national/president-trump-empty-promises-guns-draw-outrage-demands-article-1.3823820,President Trump's empty promises on guns draw outrage and demands: 'Do something instead of sending prayers',https://pbs.twimg.com/media/DWH2PGSUQAA5m93.jpg
2018-02-17,TRAINED BY THE NRA,https://twitter.com/NYDailyNews/status/964678174612234240,http://www.nydailynews.com/news/politics/fla-high-school-shooter-school-rifle-team-funded-nra-article-1.3825391,Florida high school shooter was on school rifle team funded by the NRA: 'He was a very good shot',https://pbs.twimg.com/media/DWM3DgcWAAAQ2W_.jpg
2018-02-18,How much blood money are they worth?,https://twitter.com/NYDailyNews/status/965037594487742464,http://www.nydailynews.com/new-york/manhattan/woman-falls-death-harlem-window-son-watches-horror-article-1.3827279,Woman plunges to her death from Harlem window as son watches in horror,https://pbs.twimg.com/media/DWR_T6TX0AA0uc8.jpg
2018-02-19,MILLION KID MARCH,https://twitter.com/NYDailyNews/status/965407311081693184,http://www.nydailynews.com/news/national/students-plan-nationwide-gun-control-march-florida-shooting-article-1.3828101,Florida school shooting survivors hit lawmakers who oppose gun control with ultimatum,https://pbs.twimg.com/media/DWXQsrIVwAAQF9U.jpg
2018-02-20,May I play thru?,https://twitter.com/NYDailyNews/status/965763091727339525,http://www.nydailynews.com/news/politics/trump-visits-golf-funerals-shooting-victims-article-1.3830229,Trump visits his Florida golf course as families bury school shooting victims just miles away,https://pbs.twimg.com/media/DWcUTwcW0AAOzUF.jpg
2018-02-21,BUMP BAN ISN'T FIXING THIS,https://twitter.com/NYDailyNews/status/966131784223264768,http://www.nydailynews.com/opinion/mr-president-article-1.3832198,"Do more, Mr. President: Trump's proposed bump-stock ban is oddly timed and procedurally questionable",https://pbs.twimg.com/media/DWhjeCPWkAE94aX.jpg
2018-02-22,He spoke about background checks. He spoke about mental illness. He spoke about arming teachers. But he never mentioned a word about the 300 million guns flooding our streets. Wonder why?,https://twitter.com/NYDailyNews/status/966480114744807424,http://www.nydailynews.com/opinion/hear-cries-school-shooting-victims-families-article-1.3834387,"Hear their cries: Trump and Congress must attack the school shooting crisis from all angles, including access to guns",https://pbs.twimg.com/media/DWmgOkgV4AArIrU.jpg
2018-02-23,"We are here to teach life, not take one",https://twitter.com/NYDailyNews/status/966858503158747136,http://www.nydailynews.com/news/national/educators-tear-trump-plan-teachers-pack-guns-article-1.3836640,"Trump’s plan for teachers to pack guns is crazy, will only cause more violence, educators say",https://pbs.twimg.com/media/DWr38JIX4AELZkT.jpg
2018-02-24,,,,,
2018-02-25,,,,,
2018-02-26,TRAINING DAZE,https://twitter.com/NYDailyNews/status/967984544304463872,http://www.nydailynews.com/new-york/veteran-transit-workers-mta-isn-training-new-hires-properly-article-1.3841534,Veteran transit workers say MTA isn't training new hires properly — leading to frequent flubs,https://pbs.twimg.com/media/DW74y3HVoAAlq06.jpg
2018-02-27,HABEAS COITUS,https://twitter.com/NYDailyNews/status/968318567874744321,http://www.nydailynews.com/new-york/bronx/bronx-da-office-overrun-sex-booze-fights-crime-analyst-article-1.3843273,"Bronx DA’s office overrun with sex, booze and fights, employee says",https://pbs.twimg.com/media/DXAocPuVwAA91eR.jpg
2018-02-28,NYPD DOOBIE TRAP,https://twitter.com/NYDailyNews/status/968675421947662336,http://www.nydailynews.com/new-york/nypd-claim-911-gripes-lead-pot-arrests-wrong-article-1.3845656,New data raises doubt on NYPD’s claim that 911 gripes lead to pot arrests amid racial gap criticism,https://pbs.twimg.com/media/DXFsTWXX4AAYbRx.jpg
2018-03-01,GRAB THEM BY THE PISTOL!,https://twitter.com/NYDailyNews/status/968980846836355073,http://www.nydailynews.com/news/politics/trump-breaks-gop-nra-calls-beautiful-gun-conrol-article-1.3847485,"President Trump breaks with Republicans and the NRA, calls for 'strong' and ‘beautiful’ gun control bill",https://pbs.twimg.com/media/DXKCOQEWAAAEijY.jpg
2018-03-02,SCHOOLS CANCELER!,https://twitter.com/NYDailyNews/status/969402467648761856,http://www.nydailynews.com/new-york/education/miami-education-chief-rejects-mayor-de-blasio-job-offer-article-1.3849025,Miami education chief Alberto Carvalho declines Mayor de Blasio's job offer in drama-filled meeting,https://pbs.twimg.com/media/DXQCYz4WAAEWvbP.jpg
2018-03-03,PRAYERS FOR RUSTY,https://twitter.com/NYDailyNews/status/969762764708249600,http://www.nydailynews.com/sports/baseball/mets/rusty-staub-failing-health-mets-teammates-prayers-article-1.3851489,"Rusty Staub, Mets icon who has devoted life to NYPD and FDNY widows and children, needs our prayers",https://pbs.twimg.com/media/DXVJbFXX4AAoJNP.jpg
2018-03-04,SUBWAY PERV SCOURGE,https://twitter.com/NYDailyNews/status/970103231010496513,http://www.nydailynews.com/new-york/city-dealing-serial-subway-perverts-article-1.3853377,How NYC is dealing with the growing number of serial subway perverts,https://pbs.twimg.com/media/DXZ_vpQXkAEoIsN.jpg
2018-03-05,BAG TO THE FUTURE,https://twitter.com/NYDailyNews/status/970495066400804871,http://www.nydailynews.com/new-york/de-blasio-renews-call-plastic-bag-ban-article-1.3854558,De Blasio renews call for plastic bag ban: ‘The state is behind the curve here’,https://pbs.twimg.com/media/DXfkBBhXcAA34Mv.jpg
2018-03-06,PARK SLOPE HORROR,https://twitter.com/NYDailyNews/status/970873944629743622,http://www.nydailynews.com/new-york/brooklyn/woman-2-kids-critically-injured-struck-brooklyn-article-1.3856749,"Brooklyn driver runs red light, kills two children, ages 4 and 1 — 'It was something you see in a horror movie'",https://pbs.twimg.com/media/DXk8oGIXkAAlYSE.jpg
2018-03-07,Why was she allowed to drive?,https://twitter.com/NYDailyNews/status/971207205876793344,www.nydailynews.com/new-york/brooklyn/protesters-demand-speeding-crackdown-kids-die-crash-article-1.3858725,Driver has license suspended day after killing two kids in Park Slope while supposedly suffering seizure,https://pbs.twimg.com/media/DXprfUKWAAENxjl.jpg
2018-03-08,HEAD OF THE CRASS,https://twitter.com/NYDailyNews/status/971572310464483328,http://www.nydailynews.com/new-york/education/nyc-schools-boss-choice-accused-ruining-educator-career-article-1.3862152,City schools chancellor pick derailed educator’s career because she called him out for flirting at work conference: lawsuit,https://pbs.twimg.com/media/DXu3goQXkAAC3VH.jpg
2018-03-09,"ANY HEAT YOU CAN FIX, I CAN FIX BETTER. I CAN FIX ANY HEAT BETTER THAN YOU.",https://twitter.com/NYDailyNews/status/971934578842718208,http://www.nydailynews.com/news/politics/de-blasio-rev-nycha-repairs-cuomo-announcement-article-1.3862913,Mayor de Blasio realizes he can speed up repairs on NYCHA heaters and boilers after Gov. Cuomo declares emergency,https://pbs.twimg.com/media/DX0BPbVX0Aoc4se.jpg
2018-03-10,FACTS MADE SIMPLE,https://twitter.com/NYDailyNews/status/972291715527856130,http://www.nydailynews.com/news/politics/de-blasio-rejects-bias-allegations-new-schools-chancellor-article-1.3866010,De Blasio rejects sex discrimination allegations against new schools chancellor Richard Carranza after $75G settlement,https://pbs.twimg.com/media/DX5GJa5XcAABw0L.jpg
2018-03-11,,,,,
2018-03-12,FIRE 'EM!,https://twitter.com/NYDailyNews/status/973016661912686592,http://www.nydailynews.com/news/politics/cuomo-unleash-ad-attack-7-nra-backed-n-y-pols-article-1.3868797,LOVETT: Cuomo to unleash ad attack against 7 NRA-backed N.Y. pols while touting state’s tough gun laws,https://pbs.twimg.com/media/DYDZcM8U8AEF7Wm.jpg
2018-03-13,DEATH TRAP,https://twitter.com/NYDailyNews/status/973360428972638209,http://www.nydailynews.com/new-york/manhattan/journalist-tourists-dead-east-river-helicopter-crash-article-1.3869869,"Helicopter pilot says loose gear may have hit lever to cut off engine, causing deadly East River crash",https://pbs.twimg.com/media/DYIRsZXWAAEj7hw.jpg
2018-03-14,SECRETS OF THE BLUE LINE,https://twitter.com/NYDailyNews/status/973739814087426049,http://www.nydailynews.com/new-york/documents-shed-light-nypd-secretive-disciplinary-process-article-1.3872914,Internal documents shed light on police discipline as NYPD faces criticism over secrecy behind penalties given to cops,https://pbs.twimg.com/media/DYNrLdJW4AMmjee.jpg
2018-03-15,MURDERED BY DADDY,https://twitter.com/NYDailyNews/status/974099265797738497,http://www.nydailynews.com/new-york/nyc-crime/fatally-shot-brownsville-apartment-including-child-article-1.3873611,"Man kills his 1-year-old daughter, stepdad and half-brother in Brooklyn home before shooting himself",https://pbs.twimg.com/media/DYSx3J2W4AIiAJz.jpg
2018-03-16,WON'T LET THEM DIE IN VAIN,https://twitter.com/NYDailyNews/status/974463947138064385,http://www.nydailynews.com/news/politics/de-blasio-proposes-big-penalties-problem-drivers-article-1.3876526,"In wake of deadly Park Slope crash, de Blasio proposes suspending problem drivers’ vehicle registrations",https://pbs.twimg.com/media/DYX9yeeVAAEtcv7.jpg
2018-03-17,TRUMP'S 'WAR ON THE FBI',https://twitter.com/NYDailyNews/status/974877896849403904,http://www.nydailynews.com/news/politics/jeff-sessions-fires-deputy-fbi-chief-andrew-mccabe-article-1.3879665,Jeff Sessions fires deputy FBI chief Andrew McCabe,https://pbs.twimg.com/media/DYd2RDZUMAEaQhd.jpg
2018-03-18,,,,,
2018-03-19,MENACE FOR HIRE,https://twitter.com/NYDailyNews/status/975546046280622080,http://www.nydailynews.com/new-york/menacing-cabbies-driving-traffic-violations-article-1.3882839,Menacing for-hire cabbies still driving despite dozens of red-light or speed camera tickets,https://pbs.twimg.com/media/DYnV68iU0AAK5Wj.jpg
2018-03-20,MIRANDA WARNING,https://twitter.com/NYDailyNews/status/975908006352379905,http://www.nydailynews.com/new-york/cynthia-nixon-challenge-gov-cuomo-democratic-primary-article-1.3884060,Cynthia Nixon officially announces she will challenge Gov. Cuomo in Democratic primary,https://pbs.twimg.com/media/DYsex2XX4AI9cWO.jpg
2018-03-21,HOLY HELL,https://twitter.com/NYDailyNews/status/976259078413529088,http://www.nydailynews.com/news/politics/dolan-urges-pols-reject-lookback-window-child-abuse-cases-article-1.3886210,Timothy Cardinal Dolan urges state pols to reject 'toxic' lookback window in child abuse cases,https://pbs.twimg.com/media/DYxd14qV4AEvOX8.jpg
2018-03-22,What rocket scientist decided this?,https://twitter.com/NYDailyNews/status/976622203755204608,http://www.nydailynews.com/new-york/education/teacher-accidentally-burns-2-kids-plum-job-big-raise-article-1.3888887,Science teacher behind disastrous experiment that burned students gets job teaching educators with big raise,https://pbs.twimg.com/media/DY2oqXaVAAAw5Pi.jpg
2018-03-23,MAYOR TOLD ME TO BREAK LAW,https://twitter.com/NYDailyNews/status/976999811298811905,http://www.nydailynews.com/news/politics/de-blasio-donor-turned-blind-eye-illegal-contributions-article-1.3890675,De Blasio donor Harendra Singh testifies the mayor told him ‘do what you’ve got to do’ with illegal contributions,https://pbs.twimg.com/media/DY8AI-aXcAE34Um.jpg
2018-03-24,He lost his life saving our lives',https://twitter.com/NYDailyNews/status/977357931330064384,http://www.nydailynews.com/new-york/harlem-fire-unknown-marshals-wait-enter-building-article-1.3892041,Cause of Harlem blaze that killed FDNY firefighter remains unclear as marshals wait to enter building,https://pbs.twimg.com/media/DZBFAEtVoAA8_T2.jpg
2018-03-25,,,,,
2018-03-26,ASS CLOWN,https://twitter.com/NYDailyNews/status/978088521234776065,http://www.nydailynews.com/news/politics/stormy-daniels-spanked-trump-sex-article-1.3895497,Stormy Daniels reveals tryst with Trump that started with her spanking him with magazine and ended with sex,https://pbs.twimg.com/media/DZLeN2WXkAUlOPf.jpg
2018-03-27,I'm gonna git you Zucker!,https://twitter.com/NYDailyNews/status/978441598177566721,http://www.nydailynews.com/news/national/group-ags-answers-facebook-regulators-swoop-article-1.3896822,37 state attorneys general demand answers from Facebook over data misuse as feds probe ‘unfair acts’,https://pbs.twimg.com/media/DZQfS3RW0AIJ1mX.jpg
2018-03-28,DUMP TRUMP!,https://twitter.com/NYDailyNews/status/978810581678510080,http://www.nydailynews.com/opinion/melania-don-repeat-hillary-mistake-leave-donald-article-1.3899011,"Melania, don't repeat Hillary's mistake: Leave Donald, and set the right example for a generation of girls",https://pbs.twimg.com/media/DZVtKivX4AA9pxM.jpg
2018-03-29,HAVEN AND HELL,https://twitter.com/NYDailyNews/status/979174047882907648,http://www.nydailynews.com/new-york/manhattan/desperate-mom-seeks-refuge-church-avoid-deportation-article-1.3902124,Desperate mom seeks refuge in Manhattan church to avoid deportation,https://pbs.twimg.com/media/DZa5OroW4AArhSo.jpg
2018-03-30,SHOT 8 TIMES FROM BEHIND,https://twitter.com/NYDailyNews/status/979891273162207233,http://www.nydailynews.com/news/national/independent-autopsy-shows-cops-shot-stephon-clark-times-article-1.3905839,Independent autopsy reveals Stephon Clark was 'shot repeatedly in the back' by Sacramento officers,https://pbs.twimg.com/media/DZlF5DGXkAA_I7a.jpg:large
2018-03-31,"NO JUSTICE, NO PEEPS",https://twitter.com/NYDailyNews/status/980246854846775296,http://www.nydailynews.com/news/national/not-peep-pennsylvania-candy-company-pension-funds-article-1.3907593,Not a peep from Pennsylvania candy company over pension funds,https://pbs.twimg.com/media/DZqJAfOU8AALGal.jpg
2018-04-01,APRIL FOOL,https://twitter.com/NYDailyNews/status/980612560297840640,http://www.nydailynews.com/news/politics/trump-announces-no-daca-deal-article-1.3908516?utm_content=buffer3037b&utm_medium=social&utm_source=twitter.com&utm_campaign=NYDailyNewsTw,Trump announces ‘NO MORE DACA DEAL’ in Easter Twitter rant attacking immigration laws,https://pbs.twimg.com/media/DZvVqVDVoAAnFyN.jpg:large
2018-04-02,Sex crimes boss gave cash to 'pu$$y grabber',https://twitter.com/NYDailyNews/status/980986310251962368,http://www.nydailynews.com/new-york/nypd-sex-crimes-donated-trump-p-video-scandal-article-1.3911144?utm_content=buffer9d0e0&utm_medium=social&utm_source=twitter.com&utm_campaign=NYDailyNewsTw,NYPD sex crimes chief donated thousands to Trump after video scandal on grabbing women ‘by the p---y',https://pbs.twimg.com/media/DZ0ppbKW4AEmWM4.jpg:large
2018-04-03,50 YEARS LATER WHAT WOULD HE THINK?,https://twitter.com/NYDailyNews/status/981331190912311297,http://www.nydailynews.com/news/national/martin-luther-king-jr-america-today-article-1.3912985?utm_content=buffera497c&utm_medium=social&utm_source=twitter.com&utm_campaign=NYDailyNewsTw,What Martin Luther King Jr. would say if he saw America today,https://pbs.twimg.com/media/DZ5i3ebXkAALGJZ.jpg:large
2018-04-04,NYPD SHOOT RAGE IN B'KLYN,https://twitter.com/NYDailyNews/status/981710912431316992,http://www.nydailynews.com/new-york/brooklyn/nypd-cops-shoot-kill-bipolar-black-man-metal-pipe-nyc-article-1.3914960?utm_content=bufferde192&utm_medium=social&barcprox=true&utm_campaign=NYDailyNewsTw&utm_source=twitter.com,NYPD cops fatally shoot bipolar black man holding metal pipe police mistake for gun on Brooklyn street,https://pbs.twimg.com/media/DZ-8xQGW0AM6k6M.jpg:large
2018-04-05,DENY OF THE STORMY,https://twitter.com/NYDailyNews/status/982072369664741376,http://www.nydailynews.com/news/politics/trump-denies-knowing-hush-payment-porn-star-stormy-daniels-article-1.3916949?utm_content=bufferc5171&utm_medium=social&utm_source=twitter.com&utm_campaign=NYDailyNewsTw,President Trump denies knowing of hush payment to Stormy Daniels in first public remark about alleged tryst,https://pbs.twimg.com/media/DaEFbnHXkAYfaeh.jpg:large
2018-04-06,TURNING INTO TRUMP,https://twitter.com/NYDailyNews/status/982432186468130816,http://www.nydailynews.com/new-york/mayor-blasts-daily-news-report-streetcar-plan-blurry-outlook-article-1.3918882,De Blasio blasts Daily News report on his Brooklyn-Queens streetcar proposal’s unclear future,https://pbs.twimg.com/media/DaJM2QeV4AAWaDB.jpg:large
2018-04-07,,,,,
2018-04-08,TRUMP CALLED JIM A 'CRAZY JEW',https://twitter.com/NYDailyNews/status/983165404737654785,http://www.nydailynews.com/new-york/trump-tower-fire-victim-called-crazy-jew-prez-friend-article-1.3922739?utm_content=buffer5de80&utm_medium=social&utm_source=twitter.com&utm_campaign=NYDailyNewsTw,Close friend of man killed in Trump Tower fire says President once called victim 'crazy Jew',https://pbs.twimg.com/media/DaTiHsfX0AEPuVF.jpg:large
2018-04-09,BLAZ'S SECRET DONOR DEAL,https://twitter.com/NYDailyNews/status/983521937287720960,http://www.nydailynews.com/news/politics/fbi-agents-raid-manhattan-office-trump-lawyer-michael-cohen-article-1.3924200?utm_content=buffer35c63&utm_medium=social&utm_source=twitter.com&utm_campaign=NYDailyNewsTw,FBI agents raid Manhattan office of President Trump’s longtime personal lawyer Michael Cohen ,https://pbs.twimg.com/media/DaYrstlVwAAFT2Q.jpg:large
2018-04-10,ANTI TRUST ME,https://twitter.com/NYDailyNews/status/983877210426822656,http://www.nydailynews.com/news/politics/lawmakers-grill-mark-zuckerberg-trump-connected-data-scandal-article-1.3926382?utm_content=bufferf7099&utm_medium=social&utm_source=twitter.com&utm_campaign=NYDailyNewsTw,"Lawmakers grill Facebook CEO Mark Zuckerberg over Trump-connected data scandal, Russian election meddling",https://pbs.twimg.com/media/DaduvQyUwAAFRY2.jpg:large
2018-04-11,"ONCE AN A-HOLE, ALWAYS AN A-HOLE",https://twitter.com/NYDailyNews/status/984245400264675328,http://www.nydailynews.com/sports/baseball/yankees/a-rod-threatens-cut-child-support-payments-claims-article-1.3928430?utm_content=bufferf6694&utm_medium=social&utm_source=twitter.com&utm_campaign=NYDailyNewsTw,"A-Rod threatens to cut child-support payments, his ex claims amid bitter family feud",https://pbs.twimg.com/media/Dai5_HHVAAEWmJz.jpg:large
2018-04-12,,,,,
2018-04-13,TRUMP BOMBS SYRIA,https://twitter.com/NYDailyNews/status/984974649212788736,http://www.nydailynews.com/news/national/trump-announces-u-s-missile-strikes-syria-article-1.3933025?utm_content=buffer1b181&utm_medium=social&barcprox=true&utm_campaign=NYDailyNewsTw&utm_source=twitter.com,President Trump announces U.S. missile strikes on Syria in retaliation for deadly chemical attack,https://pbs.twimg.com/media/DatVOO_W0AYcl8x.jpg:large
2018-04-14,,,,,
2018-04-15,ABANDONED BY THE FDNY,https://twitter.com/NYDailyNews/status/985697402622562304,http://www.nydailynews.com/new-york/fdny-denied-aid-ptsd-stricken-ground-zero-firefighter-article-1.3935735?utm_content=bufferad130&utm_medium=social&utm_source=twitter.com&utm_campaign=NYDailyNewsTw,"FDNY denied 9/11 disability benefits for firefighter who suffered depression, PTSD until his death at mental hospital",https://pbs.twimg.com/media/Da3mfFNU0AAPD5U.jpg:large
2018-04-16,"OH, FOR FOX SAKE",https://twitter.com/NYDailyNews/status/986039771523944448,http://www.nydailynews.com/news/politics/sean-hannity-revealed-michael-cohen-mystery-client-article-1.3936561,Fox News host Sean Hannity revealed as Michael Cohen's mystery third client,https://pbs.twimg.com/media/Da8dpf4V4AExwVU.jpg:large
2018-04-17,America's biggest lowlife,https://twitter.com/NYDailyNews/status/986417094592954369,http://www.nydailynews.com/opinion/defamed-devil-sandy-hook-parents-alex-jones-lies-article-1.3939094,Defamed by the devil: Sandy Hook parents take on Alex Jones' lies,https://pbs.twimg.com/media/DbB0iWBW4AAALQ2.jpg:large
2018-04-18,KILLER NANNY CONVICTED,https://twitter.com/NYDailyNews/status/986783879884394497,http://www.nydailynews.com/new-york/nyc-crime/killer-nanny-convicted-murdering-kids-upper-west-side-article-1.3941554?utm_content=buffer96fdb&utm_medium=social&utm_source=twitter.com&utm_campaign=NYDailyNewsTw,Killer nanny' Yoselyn Ortega convicted of murdering two kids in her care in Upper West Side apartment,https://pbs.twimg.com/media/DbHCpf1VwAIg1z_.jpg:large
2018-04-19,WAITING ON A Miracle,https://twitter.com/NYDailyNews/status/987154338920452096,http://www.nydailynews.com/new-york/ex-met-ed-kranepool-73-seeks-kidney-donor-health-woes-worsen-article-1.3944422?utm_content=buffer81075&utm_medium=social&utm_source=twitter.com&utm_campaign=NYDailyNewsTw,"Ex-Met Ed Kranepool, 73, seeks kidney donor as health woes worsen",https://pbs.twimg.com/media/DbMS7k6U0AU9Hz7.jpg:large
2018-04-20,,,,,
2018-04-21,WALKING DEAD,https://twitter.com/NYDailyNews/status/987847580938842113,http://www.nydailynews.com/new-york/manhattan/east-village-amnesiac-regains-life-vanishing-1990-article-1.3947481?cid=bitly&utm_content=bufferf53db&utm_medium=social&utm_source=twitter.com&utm_campaign=NYDailyNewsTw,East Village amnesiac regains life after vanishing in 1990 — but wife not thrilled with his return,https://pbs.twimg.com/media/DbWKI35X0AAUEIM.jpg:large
2018-04-22,GOOD GUY WITHOUT A GUN,https://twitter.com/NYDailyNews/status/988230237560410114,http://www.nydailynews.com/news/national/naked-gunman-kills-waffle-house-loose-article-1.3948318?utm_content=buffere2855&utm_medium=social&utm_source=twitter.com&utm_campaign=NYDailyNewsTw,"Hero stops maniac with assault rifle at Waffle House, but gunman who killed four still on loose",https://pbs.twimg.com/media/DbbidhDUwAAquUS.jpg:large
2018-04-23,VAN MASSACRE,https://twitter.com/NYDailyNews/status/988593169154625536,http://www.nydailynews.com/news/world/ten-people-dead-15-wounded-van-plows-crowd-toronto-article-1.3950187?utm_content=buffer833e4&utm_medium=social&utm_source=twitter.com&utm_campaign=NYDailyNewsTw,"Deranged man obsessed with mass murderers kills 10, wounds 15 after driving van through Toronto sidewalk",https://pbs.twimg.com/media/DbgwH69U8AAzHLS.jpg:large
2018-04-24,CITY HALL SHELTER COVERUP,https://twitter.com/NYDailyNews/status/988956167870304257,http://www.nydailynews.com/new-york/city-lying-safety-homeless-shelters-article-1.3952889?utm_content=buffere6910&utm_medium=social&utm_source=twitter.com&utm_campaign=NYDailyNewsTw,City lying about safety at shelters by undercounting ‘critical incidents’; homeless services cops say crime getting worse,https://pbs.twimg.com/media/Dbl6HecV0AAZmrw.jpg:large
2018-04-25,ICE BREAKER,https://twitter.com/NYDailyNews/status/989319214988185601,http://www.nydailynews.com/new-york/state-probes-city-homeless-shelter-crime-reported-article-1.3954953?utm_content=bufferecdf7&utm_medium=social&utm_source=twitter.com&utm_campaign=NYDailyNewsTw,Daily News report spurs state to investigate if city has correctly reported homeless shelter crime,https://pbs.twimg.com/media/DbrEfgHUQAAtO3G.jpg:large
2018-04-26,COSBY JURY CONVICTS ON ALL COUNTS,https://twitter.com/NYDailyNews/status/989614878666223616,http://www.nydailynews.com/news/crime/bill-cosby-found-guilty-drugging-sexually-assaulting-constand-article-1.3956401?utm_content=buffer3477a&utm_medium=social&utm_source=twitter.com&utm_campaign=NYDailyNewsTw,"Bill Cosby found guilty of drugging, sexually assaulting Andrea Constand",https://pbs.twimg.com/media/DbvRVPCVMAAau9m.jpg:large
2018-04-27,SEXUAL HARRASMENT COMPLAINTS,https://twitter.com/NYDailyNews/status/990043725488418817,http://www.nydailynews.com/new-york/city-sex-harassment-stats-leave-100-school-complaints-article-1.3959262?utm_content=buffer7df69&utm_medium=social&utm_source=twitter.com&utm_campaign=NYDailyNewsTw,City sex harassment stats spark cover-up questions after over 100 school complaints disappear,https://pbs.twimg.com/media/Db1XcFNVQAAa7yd.jpg:large
2018-04-28,PURR JOY,https://twitter.com/NYDailyNews/status/990396016519245825,http://www.nydailynews.com/new-york/queens/cops-catch-pepper-elusive-phantom-like-cat-jfk-week-article-1.3960434?utm_content=buffer25271&utm_medium=social&utm_source=twitter.com&utm_campaign=NYDailyNewsTw,"Cops finally catch Pepper, elusive cat at Kennedy Airport, after owner's pal calls out feline's Mandarin name",https://pbs.twimg.com/media/Db6X7XVW4AA75hB.jpg:large
2018-04-29,SAVE US',https://twitter.com/NYDailyNews/status/990776074429714432,http://www.nydailynews.com/new-york/queens/queens-mom-grandparents-killed-queens-blaze-article-1.3962260?utm_content=buffercbdea&utm_medium=social&utm_source=twitter.com&utm_campaign=NYDailyNewsTw,Queens mother and her grandparents killed in blaze that erupted during family celebration,https://pbs.twimg.com/media/Db_xlpWXUAEPrtT.jpg:large
2018-04-30,MAN FIGHTS DOG!,https://twitter.com/NYDailyNews/status/991134295031996416,http://www.nydailynews.com/new-york/fights-coyote-save-kid-westchester-park-article-1.3964471?utm_content=buffer3a8f0&utm_medium=social&utm_source=twitter.com&utm_campaign=NYDailyNewsTw,Off-duty police officer wrestles coyote to save kid attacked at Westchester park,https://pbs.twimg.com/media/DcE3XQSVQAAllmZ.jpg:large
2018-05-01,BURNED BY THE FDNY,https://twitter.com/NYDailyNews/status/991493238140882944,http://www.nydailynews.com/new-york/black-man-sues-fdny-race-discrimination-denied-job-article-1.3966502?utm_content=bufferd5790&utm_medium=social&utm_source=twitter.com&utm_campaign=NYDailyNewsTw,"Black man sues FDNY for race discrimination, says he was denied job while disgraced ex-firefighter got re-hired",https://pbs.twimg.com/media/DcJ9yiUWkAAnxrC.jpg
2018-05-02,PEACE OF CR:poop_emoji:P,https://twitter.com/NYDailyNews/status/991860136963649536,http://www.nydailynews.com/news/politics/republican-stooges-push-trump-win-nobel-prize-article-1.3968650?utm_content=buffere3f8c&utm_medium=social&utm_source=twitter.com&utm_campaign=NYDailyNewsTw,Republican stooges push for Trump to win Nobel Prize as critics bash the idea,https://pbs.twimg.com/media/DcPLOF3WAAACU87.jpg
2018-05-03,Docs told her not to drive,https://twitter.com/NYDailyNews/status/992207029119934464,http://www.nydailynews.com/new-york/nyc-crime/driver-killed-2-kids-park-slope-indicted-manslaughter-article-1.3969318?utm_content=buffer026cf&utm_medium=social&utm_source=twitter.com&utm_campaign=NYDailyNewsTw,"Woman faces 10 charges in Park Slope crash that killed two kids, was told by doctors to stop driving",https://pbs.twimg.com/media/DcUG3U3WkAAKnUR.jpg:large
2018-05-04,SEE YA Boy Blunder,https://twitter.com/NYDailyNews/status/992590503626575873,http://www.nydailynews.com/sports/baseball/mets/harvey-refuses-minor-league-assignment-dfa-met-article-1.3971929?utm_content=buffer0dadc&utm_medium=social&utm_source=twitter.com&utm_campaign=NYDailyNewsTw,"Matt Harvey's Mets career is over as struggling pitcher refuses minor league assignment, will be DFA'd",https://pbs.twimg.com/media/DcZjyyrW0AA0Rj-.jpg:large
2018-05-05,LYING SON OF A GUN!,https://twitter.com/NYDailyNews/status/992910354169651200,http://www.nydailynews.com/news/politics/parkland-student-calls-trump-professional-liar-nra-speech-article-1.3973109?utm_content=buffer14fc8&utm_medium=social&utm_source=twitter.com&utm_campaign=NYDailyNewsTw,Parkland school shooting survivor Cameron Kasky calls Trump a 'professional liar' one day after NRA speech,https://pbs.twimg.com/media/DceGmvJXcAAy97k.jpg:large
2018-05-06,"WRONG AGAIN, RUDY!",https://twitter.com/NYDailyNews/status/993292644062322698,http://www.nydailynews.com/news/politics/trump-doesn-comply-subpoena-mueller-giuliani-article-1.3974294?cid=bitly,Experts refute Rudy Giuliani's claim that President Trump doesn't need to comply with Robert Mueller subpoena,https://pbs.twimg.com/media/DcjiOW-V0AABBa4.jpg:large
2018-05-07,STATE AG ABUSE SHOCK,https://twitter.com/NYDailyNews/status/993664546538696705,http://www.nydailynews.com/new-york/n-y-attorney-general-accused-physically-abusing-women-article-1.3976627?utm_content=bufferadb2c&utm_medium=social&utm_source=twitter.com&utm_campaign=NYDailyNewsTw,N.Y. Attorney General Eric Schneiderman resigns after he abused four women,https://pbs.twimg.com/media/Dcoz1bCXUAAwI8p.jpg:large
2018-05-08,JAIL THE BUM,https://twitter.com/NYDailyNews/status/994027165741146112,http://www.nydailynews.com/news/politics/cuomo-mulls-prosecution-schneiderman-abuse-allegations-article-1.3977532?barcprox=true,Gov. Cuomo orders special prosecutor to investigate assault allegations against ex-AG Eric Schneiderman,https://pbs.twimg.com/media/Dct-GhGUwAARfkR.jpg:large
2018-05-09,WHO'S UP FIRST?,https://twitter.com/NYDailyNews/status/994392380622168064,http://www.nydailynews.com/sports/baseball/mets/mets-lose-walk-off-home-run-drop-series-finale-reds-2-1-article-1.3980611,"Mets lose on walk-off home run in 10th inning, drop series finale to Reds, 2-1 ",https://pbs.twimg.com/media/DczKXZeU8AEniEw.jpg:large
2018-05-10,NOT ABOVE THE LAW,https://twitter.com/NYDailyNews/status/994755440809529346,http://www.nydailynews.com/news/politics/nyc-pol-urges-nypd-reveal-precinct-level-force-data-article-1.3982856,"City Councilman demands NYPD reveal precinct-level use of force data, rips police department for violating law",https://pbs.twimg.com/media/Dc4UebLU0AAAuUJ.jpg:large
2018-05-11,CELLY SILVER,https://twitter.com/NYDailyNews/status/995126292969385985,http://www.nydailynews.com/new-york/nyc-crime/sheldon-silver-guilty-counts-corruption-trial-article-1.3984936?barcprox=true,Sheldon Silver found guilty on all counts in second corruption trial,https://pbs.twimg.com/media/Dc9mDQ_W4AAhmmr.jpg:large
2018-05-12,GIFT FOR MOM,https://twitter.com/NYDailyNews/status/995444917479583744,http://www.nydailynews.com/new-york/boy-mauled-disfigured-pit-bull-dream-disney-vacation-article-1.3986397?cid=bitly&utm_content=bufferc9c2b&utm_medium=social&utm_source=twitter.com&utm_campaign=NYDailyNewsTw,Boy mauled and disfigured by pit bull gets dream Disney vacation,https://pbs.twimg.com/media/DdCH3-IX4AI3fn7.jpg:large
2018-05-13,CANNIBAL COP'S KID FIGHT,https://twitter.com/NYDailyNews/status/995842971831603201,http://www.nydailynews.com/new-york/cannibal-bitter-custody-fight-daughter-article-1.3988063,EXCLUSIVE: Cannibal Cop gives up bitter custody fight over child against ex-wife who claimed ‘He might murder my daughter’,https://pbs.twimg.com/media/DdHt62nXkAAF5ts.jpg:large
2018-05-14,DADDY'S LITTLE GHOUL,https://twitter.com/NYDailyNews/status/996205473119588353,http://www.nydailynews.com/news/world/kushner-blames-palestinian-protesters-deadly-border-clashes-article-1.3988646?barcprox=true,"Dozens of Palestinians killed by Israeli forces at Gaza border, thousands injured in protests over U.S. embassy move to Jerusalem",https://pbs.twimg.com/media/DdM67nFWAAESxrd.jpg:large
2018-05-15,HIGH TIME FOR JUSTICE,https://twitter.com/NYDailyNews/status/996570277466267648,http://www.nydailynews.com/new-york/al-sharpton-rips-nypd-pot-arrests-targeting-blacks-latinos-article-1.3991202,Mayor de Blasio promises 'overhaul' on NYPD's pot policy after criticism over police bias arrests,https://pbs.twimg.com/media/DdSGlPeUQAAIafW.jpg:large
2018-05-16,"Jodete, idiota!",https://twitter.com/NYDailyNews/status/996910188513898496,http://www.nydailynews.com/new-york/manhattan/white-man-rants-spanish-speaking-workers-fresh-kitchen-article-1.3993056,SEE IT: White man threatens to call ICE on Spanish-speaking workers at Midtown Fresh Kitchen,https://pbs.twimg.com/media/DdW8QqLU0AIKKPy.jpg:large
2018-05-17,WEED THE PEOPLE,https://twitter.com/NYDailyNews/status/997283370538332161,http://www.nydailynews.com/opinion/war-pot-article-1.3995772,End the war on pot: We welcome the push to legalize and regulate marijuana,https://pbs.twimg.com/media/DdcPxIjW4AA1DV6.jpg:large
2018-05-18,"WITH YESTERDAYS' TEXAS MASSACRE, THERE HAVE NOW BEEN MORE STUDENTS OR TEACHERS KILLED BY GUNS IN U.S. SCHOOLSTHAN ACTIVE-DUTY MILITARY DEATHS IN 2018",https://twitter.com/NYDailyNews/status/997626433647398912,http://www.nydailynews.com/news/national/multiple-casualties-killed-shooting-texas-high-school-article-1.3996675,"At least 10 dead in shooting at Santa Fe High School in Texas, 17-year-old suspect in custody",https://pbs.twimg.com/media/DdhHbxAX0AA8Xbe.jpg:large
2018-05-19,They do royal weddings. We do schoolkids' funerals.,https://twitter.com/NYDailyNews/status/997981187040862209,http://www.nydailynews.com/news/world/prince-harry-meghan-markle-tie-knot-emotional-ceremony-article-1.3998304?cid=bitly,Prince Harry and Meghan Markle tie the knot in emotional royal ceremony ,https://pbs.twimg.com/media/DdmKgO-UwAA9A9W.jpg:large
2018-05-20,SPITS IN ALL OUR FACES,https://twitter.com/NYDailyNews/status/998385282792808449,http://www.nydailynews.com/new-york/law-punish-detective-louis-scarcella-dirty-tactics-article-1.4000501,"Dirty Detective Louis Scarcella insists, 'I've done nothing wrong,' despite sending 13 wrongfully convicted people to jail",https://pbs.twimg.com/media/Ddr58dxVwAEMX8w.jpg:large
2018-05-21,FROM NEW WIFE TO WIDOW,https://twitter.com/NYDailyNews/status/998731878084628480,http://www.nydailynews.com/new-york/nypd-officers-killed-car-smashes-tree-article-1.4001253,"Two off-duty NYPD cops, one of them newly married, killed when car smashes into tree",https://pbs.twimg.com/media/Ddw1LAvVAAAdPvH.jpg:large
2018-05-22,THIS COULD BE THE LAST STRAW,https://twitter.com/NYDailyNews/status/999106712639541248,http://www.nydailynews.com/new-york/plastic-straw-ban-won-environment-article-1.4004430,Plastic straw ban won’t do enough to help the environment,https://pbs.twimg.com/media/Dd2KK8mV0AAVSJW.jpg
2018-05-23,NFL DISHONORS THE FLAG,https://twitter.com/NYDailyNews/status/999465671082864641,http://www.nydailynews.com/sports/football/lupica-nfl-owners-national-disgrace-kneeling-policy-article-1.4006308,LUPICA: NFL owners shame the national flag with new kneeling policy,https://pbs.twimg.com/media/Dd7Qo5WV0AA07ca.jpg:large
2018-05-24,Through the lookin' ass,https://twitter.com/NYDailyNews/status/999818546220855296,http://www.nydailynews.com/news/politics/de-blasio-releases-emails-city-hall-berlinrosen-article-1.4007413,De Blasio echoes Trump as he calls news media 'pitiful' in emails with political firm advisers,https://pbs.twimg.com/media/DeARKHoV0AAbd0o.jpg:large
2018-05-25,,,,,
2018-05-26,WHEN PIGS FLY,https://twitter.com/NYDailyNews/status/1000519271972302848,http://www.nydailynews.com/new-york/lawyers-skeptical-harvey-weinstein-casting-couch-defense-article-1.4011484?barcprox=true&cid=bitly,"Harvey Weinstein’s ‘casting couch’ defense likely won't sway jurors during #MeToo era, legal experts say",https://pbs.twimg.com/media/DeKOma4XkAIlSS0.jpg:large
2018-05-27,BEACH BUMS,https://twitter.com/NYDailyNews/status/1000921529499176967,http://www.nydailynews.com/news/national/n-caught-camera-punching-woman-beach-arres-article-1.4013088?cid=bitly,New Jersey cop caught on camera punching 20-year-old woman drinking beer during beach arrest,https://pbs.twimg.com/media/DeP8yPMX4AAB7m9.jpg:large
2018-05-28,BEHIND THE SHADY BLUE LINE,https://twitter.com/NYDailyNews/status/1001284522531590145,http://www.nydailynews.com/new-york/ex-commander-exposes-nypd-corrupt-disciplinary-process-article-1.4014258?cid=bitly,Former commander exposes NYPD’s corrupt disciplinary process that often gave cops special treatment,https://pbs.twimg.com/media/DeVG6DYX4AUZG03.jpg:large
2018-05-29,SHE-DEVIL,https://twitter.com/NYDailyNews/status/1001626169878474752,http://www.nydailynews.com/news/national/abc-ends-roseanne-show-hours-hate-filled-twitter-tirade-article-1.4015382,"ABC cancels Roseanne Barr's show hours after hate-filled Twitter tirade about ex-Obama adviser, George Soros",https://pbs.twimg.com/media/DeZ8QV3W4AIAPG_.jpg:large
2018-05-30,,,,,
2018-05-31,OH SAY CAN YOU C-WORD,https://twitter.com/NYDailyNews/status/1002366362679902208,http://www.nydailynews.com/opinion/ny-oped-against-c-word-20180531-story.html,"I love to swear, but the c-word is going too far",https://pbs.twimg.com/media/DekcKeYXcAAYlwm.jpg:large
2018-06-01,NEW LEASH ON LIFE,https://twitter.com/NYDailyNews/status/1002728669461303298,http://www.nydailynews.com/new-york/bronx/ny-metro-stolen-brooklyn-dog-reunited-with-owner-20180601-story.html,Stolen pooch reunited with Brooklyn owner thanks to Bronx dog lover,https://pbs.twimg.com/media/Depn8_bWsAAKxDa.jpg
2018-06-02,CAPS AND GUNS,https://twitter.com/NYDailyNews/status/1003060062171037696,http://www.nydailynews.com/news/national/ny-lupica-gun-violence-20180602-story.html,"LUPICA: As high schoolers across America graduate, they leave behind the targets on their backs",https://pbs.twimg.com/media/DeuVuxEXUAIwcha.jpg:large
2018-06-03,GOLDEN PARACHUTE,https://twitter.com/NYDailyNews/status/1003453034343616517,http://www.nydailynews.com/news/politics/ny-metro-marty-golden-nypd-disability-pension-skydive-20180601-story.html,SEE IT: State Sen. Marty Golden skydives while receiving NYPD disability pension,https://pbs.twimg.com/media/Dez5ZjOWkAE5GPr.jpg
2018-06-04,LYING DOWN WITH PIGS,https://twitter.com/NYDailyNews/status/1003815455444881408,http://www.nydailynews.com/new-york/manhattan/ny-metro-vance-contract-conflict-weinstein-20180604-story.html,EXCLUSIVE: Manhattan DA doing business with firm that dug up dirt on Harvey Weinstein’s sex accuser,https://pbs.twimg.com/media/De5Ek6vXcAAgKnH.jpg
2018-06-05,WASN'T YOUR FAULT',https://twitter.com/NYDailyNews/status/1004158657376989190,http://www.nydailynews.com/new-york/ny-metro-kate-spade-commits-suicide-20180605-story.html,"Kate Spade found dead in her NYC home, leaves heartbreaking suicide note telling daughter it’s not her fault",https://pbs.twimg.com/media/De95-DRUYAAlIXt.jpg
2018-06-06,When is daddy coming home?,https://twitter.com/NYDailyNews/status/1004529693536739328,http://www.nydailynews.com/new-york/ny-metro-pizzadeliveryice-20180606-story.html,"Pizzeria worker busted by ICE agents after delivering pizza to Army base, faces deportation",https://pbs.twimg.com/media/DfDOVQAW4AEjaEE.jpg
2018-06-07,DISGRACE TO OUR COUNTRY,https://twitter.com/NYDailyNews/status/1004892097240027136,http://www.nydailynews.com/opinion/ny-edit-ice-insults-american-values-20180607-story.html,ICE to N.Y.: drop dead,https://pbs.twimg.com/media/DfIXq0yVMAAk63J.jpg
2018-06-08,HIS PAIN UNKNOWN,https://twitter.com/NYDailyNews/status/1005242574288965632,http://www.nydailynews.com/news/national/ny-news-anthony-bourdain-dies-at-61-story.html,Celebrity chef Anthony Bourdain commits suicide at 61,https://pbs.twimg.com/media/DfNUq2dXUAIlIaO.jpg:large
2018-06-09,FDNY HATE BRAWL,https://twitter.com/NYDailyNews/status/1005603521864065025,http://www.nydailynews.com/new-york/ny-metro-firefighters-brawl-at-bronx-bar-20180609-story.html,Racial slur sparks booze-fueled brawl among Bronx firefighters at medal ceremony,https://pbs.twimg.com/media/DfSe0fsWAAARTNK.jpg:large
2018-06-10,FINEST MIRACLE,https://twitter.com/NYDailyNews/status/1005991451027820544,http://www.nydailynews.com/new-york/brooklyn/ny-metro-baby-save-20180610-story.html,Brooklyn cops save baby who stopped breathing after seizure,https://pbs.twimg.com/media/DfX_hc0V4AAlYD7.jpg:large
2018-06-11,BUSTED!,https://twitter.com/NYDailyNews/status/1006347946508652544,http://www.nydailynews.com/new-york/ny-metro-nycha-probe-20180610-story.html,City must pay at least $1B to fix NYCHA nightmare after feds cite Daily News reports exposing the agency’s lies on housing conditions,https://pbs.twimg.com/media/DfdEBGRXUAAi3YT.jpg:large
2018-06-12,GOSPEL OF DON,https://twitter.com/NYDailyNews/status/1006707368456048641,http://www.nydailynews.com/opinion/ny-edit-noko-20180612-story.html,A verbal atrocity: President Trump blesses Kim Jong Un's human rights crimes,https://pbs.twimg.com/media/DfiKgwvVMAAZmhx.jpg:large
2018-06-13,He hit on my day towers fell',https://twitter.com/NYDailyNews/status/1007047436299390976,http://www.nydailynews.com/new-york/ny-metro-adam-lamboy-sex-harassment-settlement-20180612-story.html,"City paid $325,000 to NYPD detective who said disgraced SVU lieutenant sexually abused her for years, including on 9/11",https://pbs.twimg.com/media/DfnAEZTX4AEVTdu.jpg:large
2018-06-14,FRAUD IN THE FAMILY,https://twitter.com/NYDailyNews/status/1007424939299885056,http://www.nydailynews.com/opinion/ny-oped-my-problem-with-shsat-20180614-story.html,"Mayor de Blasio's son Dante says the SHSAT, the elite high school admissions test, fostered racism at Brooklyn Tech",https://pbs.twimg.com/media/DfsXdq9X4AUhm25.jpg
2018-06-15,NEWS SAYS Callous. Soulless. Craven. Trump,https://twitter.com/NYDailyNews/status/1007762943608590336,http://www.nydailynews.com/opinion/ny-edit-daca-immigration-20180615-story.html,"Lying coward Trump: Administration separates children from their parents at the border, and he won't even own up to his cruelty",https://pbs.twimg.com/media/DfxKjwfWsAIt3g8.jpg
2018-06-16,Heart-wrenching Father's Day plea from wife of detained deliveryman: Give them back their daddy,https://twitter.com/NYDailyNews/status/1008127398951489536,http://www.nydailynews.com/new-york/ny-oped-sandra-chica-fathers-day-20180614-story.html,Wife's plea on Father's Day: Free pizza deliveryman from ICE for sake of his young daughters,https://pbs.twimg.com/media/Df2WadmVMAEAo5Q.jpg:large
2018-06-17,,,,,
2018-06-18,Help,https://twitter.com/NYDailyNews/status/1008880522632757249,http://www.nydailynews.com/news/politics/ny-news-white-house-briefing-trump-children-immigration-20180618-story.html,Homeland Security boss: We'll keep pulling kids from parents until Congress makes us stop,https://pbs.twimg.com/media/DgA4VxWUcAAb5-q.jpg
2018-06-19,God shed his disgrace on thee,https://twitter.com/NYDailyNews/status/1009225123667300352,http://www.nydailynews.com/news/politics/ny-pol-trump-blame-separation-border-20180619-story.html,Trump claims Dems want 'illegal immigrants' to 'infest our Country' — blames everyone but himself for his policy,https://pbs.twimg.com/media/DgF8R5tXkAAIVkg.jpg:large
2018-06-20,THE NEWS SAYS: NOW FREE YOUR HOSTAGES!,https://twitter.com/NYDailyNews/status/1009594504641466368,http://www.nydailynews.com/opinion/ny-edit-family-separations-20180620-story.html,"Reunite the families: President Trump must return children to their mothers and fathers, now",https://pbs.twimg.com/media/DgLMM04VAAA7V6e.jpg:large
2018-06-21,FULL MUDDLE JACKET,https://twitter.com/NYDailyNews/status/1009950619082338305,http://www.nydailynews.com/news/national/ny-news-melania-trump-dont-care-jacket-20180621-story.html,Melania Trump wears jacket with 'I really don't care' written on the back during trip to visit immigrant kids,https://pbs.twimg.com/media/DgQOttlX0AEdWD3.jpg:large
2018-06-22,MURDER HE WROTE ON,https://twitter.com/NYDailyNews/status/1010298053608247296,http://www.nydailynews.com/news/ny-news-autograph-deceased-crime-victims-20180622-story.html,Trump autographed photos of people killed by undocumented immigrants at White House event for ‘Angel Families’,https://pbs.twimg.com/media/DgVMf7FWAAAIDtG.jpg:large
2018-06-23,WE KILLED WRONG KID,https://twitter.com/NYDailyNews/status/1010677073617342465,http://www.nydailynews.com/new-york/ny-metro-teen-murdered-in-bronx-nypd-explorer-20180623-story.html,"Murderous gang apologizes for brutal machete slaying of Bronx teen, victim's relative says",https://pbs.twimg.com/media/DgalWVpXUAAdSTh.jpg:large
2018-06-24,PRIDE AND PREJUDICE,https://twitter.com/NYDailyNews/status/1011039060226437122,http://www.nydailynews.com/new-york/ny-metro-gay-pride-parade-20180624-story.html,"New Yorkers celebrate at gay Pride parade, protest Trump",https://pbs.twimg.com/media/DgftljZUcAE0-oA.jpg:large
2018-06-25,Killed while mommy tied her shoes,https://twitter.com/NYDailyNews/status/1011404991691620355,http://www.nydailynews.com/new-york/nyc-crime/ny-metro-driver-killed-girl-brooklyn-parking-spot-20180625-story.html,"Grieving Brooklyn mom says driver who killed her 4-year-old daughter 'had to know' she'd hit someone, despite police saying motorist was unaware she had run over two people",https://pbs.twimg.com/media/Dgk4RvNX0AEF0zA.jpg
2018-06-26,Lady Killers,https://twitter.com/NYDailyNews/status/1011758988587880449,http://www.nydailynews.com/news/politics/ny-pol-trump-supreme-court-travel-ban-20180622-story.html,Supreme Court upholds President Trump's Muslim travel ban,https://pbs.twimg.com/media/Dgp9Vx3X0AAdjus.jpg
2018-06-27,WE ARE F*#%'D,https://twitter.com/NYDailyNews/status/1012121148820246535,http://www.nydailynews.com/news/politics/ny-news-anthony-kennedy-retirement-trump-20180627-story.html?15313,"Supreme Court Justice Anthony Kennedy announces retirement, giving President Trump second pick",https://pbs.twimg.com/media/DgvGmorU0AYKNGP.jpg
2018-06-28,WHO'S THE ENEMY NOW?,https://twitter.com/NYDailyNews/status/1012519245589176320,http://www.nydailynews.com/news/national/ny-news-capital-gazette-shooting-maryland-20180628-story.html,"Gunman with grudge against Capital Gazette newspaper kills five, wounds two in 'targeted' newsroom shooting",https://pbs.twimg.com/media/Dg0vACxUEAABPcc.jpg
2018-06-29,"ABOLISH ICE, NOW!",https://twitter.com/NYDailyNews/status/1012867011532263424,http://www.nydailynews.com/news/politics/ny-pol-deblasio-abolish-ice-20180629-story.html,Mayor de Blasio joins calls for abolishing ICE: 'It is broken',https://pbs.twimg.com/media/Dg5s3hPUcAAu-Jd.jpg
2018-06-30,800 KIDS POISONED,https://twitter.com/NYDailyNews/status/1013201032959156224,http://www.nydailynews.com/new-york/ny-metro-nycha-lead-20180621-story.html,"NYCHA nightmare: More than 800 kids tainted by lead, de Blasio administration finally concedes",https://pbs.twimg.com/media/Dg-cDUbV4AAhTes.jpg
2018-07-01,TOXIC AVENGERS,https://twitter.com/NYDailyNews/status/1013598354234904576,http://www.nydailynews.com/new-york/ny-metro-nycha-lead-probe-20180701-story.html,This deception must end': City controller to open probe into Health Department methods for tracking lead levels in kids,https://pbs.twimg.com/media/DhEFaTSW0AExMR2.jpg:large
2018-07-02,"Tell THEM to forget the past, Bill",https://twitter.com/NYDailyNews/status/1013955450734342144,http://www.nydailynews.com/news/politics/ny-pol-de-blasio-nycha-lead-paint-20180702-story.html,Mayor de Blasio defends handling of growing NYCHA lead-paint scandal as city confirms 40 new cases of kids with elevated lead levels,https://pbs.twimg.com/media/DhJKf0AW4AApBWB.jpg
2018-07-03,NEWS SAYS The clown who plays king can't overthrow the bedrock values this nation was founded on 242 years ago today,https://twitter.com/NYDailyNews/status/1014306621122600962,http://www.nydailynews.com/opinion/ny-edit-independence-20180703-story.html,"Our immigrants, ourselves: What Trump can't take away from this great nation",https://pbs.twimg.com/media/DhOJaHfWsAI4GSZ.jpg
2018-07-04,SCORN ON THE 4th OF JULY,https://twitter.com/NYDailyNews/status/1014667342406733824,http://www.nydailynews.com/new-york/ny-metro-statue-liberty-climber-20180704-story.html,NYPD arrests woman who climbed Statue of Liberty after hours-long protest of kids imprisoned in Trump's ICE camps,https://pbs.twimg.com/media/DhTRx4VXUAEAz3J.jpg
2018-07-05,Check his pockets on the way out!,https://twitter.com/NYDailyNews/status/1015008965292380161,http://www.nydailynews.com/news/politics/ny-news-pruitt-resigns-trump-epa-20180705-story.html,Scott Pruitt resigns as President Trump's EPA administrator,https://pbs.twimg.com/media/DhYI5wBX4AAnQeC.jpg
2018-07-06,"YOU CAN FIRE ME, BUT I QUIT!",https://twitter.com/NYDailyNews/status/1015406087753883648,http://www.nydailynews.com/news/politics/ny-metro-scott-pruitt-epa-trump-resignation-devastated-20180706-story.html,Pruitt torn to pieces over his resignation from the EPA,https://pbs.twimg.com/media/DhdxjeOV4AIKWlZ.jpg
2018-07-07,CRUEL CON OF METS ICON,https://twitter.com/NYDailyNews/status/1015743582655918080,http://www.nydailynews.com/new-york/ny-news-kranepool-sues-auction-house-mickey-mantle-jersey-20180705-story.html,Mets legend Ed Kranepool sues auction house in alleged foul play over Mickey Mantle jersey,https://pbs.twimg.com/media/DhilFJHXUAAyZxY.jpg
2018-07-08,No child left poisoned,https://twitter.com/NYDailyNews/status/1016134833662283777,http://www.nydailynews.com/new-york/ny-bill-expand-lead-screening-children-20180708-story.html,New bill would greatly expand screening for lead poisoning in New York children living in both public and private housing,https://pbs.twimg.com/media/DhoIr9rW0AEr_Ab.jpg
2018-07-09,COURT JESTER,https://twitter.com/NYDailyNews/status/1016497932885995520,http://www.nydailynews.com/news/politics/ny-news-trump-brett-kavanaugh-supreme-court-20180709-story.html,President Trump nominates hard-line conservative Brett Kavanaugh to Supreme Court,https://pbs.twimg.com/media/DhtTPqKVMAAPCPT.jpg
2018-07-10,MISSING,https://twitter.com/NYDailyNews/status/1016832830888988673,http://www.nydailynews.com/news/national/ny-news-lupica-thailand-trump-rescue-immigrant-kids-20180710-story.html,LUPICA: Focus on the immigrant kids who are being used as pawns — and who are still separated from parents,https://pbs.twimg.com/media/DhyDUG_X4AIH83S.jpg
2018-07-11,LIE HARD,https://twitter.com/NYDailyNews/status/1017203040015798272,http://www.nydailynews.com/new-york/manhattan/ny-metro-lawsuit-norton-willis-fire-20180711-story.html,Legal papers suggest FDNY coverup in probe of fatal Harlem fire on Edward Norton set,https://pbs.twimg.com/media/Dh3RyfXUYAAubvB.jpg
2018-07-12,,,,,
2018-07-13,,,,,
2018-07-14,,,,,
2018-07-15,,,,,
2018-07-16,,,,,
2018-07-17,,,,,
2018-07-18,,,,,
2018-07-19,,,,,
2018-07-20,,,,,
2018-07-21,,,,,
2018-07-22,,,,,
2018-07-23,,,,,
2018-07-24,,,,,
2018-07-25,,,,,
2018-07-26,,,,,
2018-07-27,,,,,
2018-07-28,,,,,
2018-07-29,,,,,
2018-07-30,,,,,
2018-07-31,,,,,
2018-08-01,,,,,
2018-08-02,,,,,
2018-08-03,,,,,
2018-08-04,,,,,
2018-08-05,,,,,
2018-08-06,,,,,
2018-08-07,,,,,
2018-08-08,,,,,
2018-08-09,,,,,
2018-08-10,,,,,
2018-08-11,,,,,
2018-08-12,,,,,
2018-08-13,,,,,
2018-08-14,,,,,
2018-08-15,,,,,
2018-08-16,,,,,
2018-08-17,,,,,
2018-08-18,,,,,
2018-08-19,,,,,
2018-08-20,,,,,
2018-08-21,,,,,
2018-08-22,,,,,
2018-08-23,,,,,
2018-08-24,,,,,
2018-08-25,,,,,
2018-08-26,,,,,
2018-08-27,,,,,
2018-08-28,,,,,
2018-08-29,,,,,
2018-08-30,,,,,
2018-08-31,,,,,
2018-09-01,,,,,
2018-09-02,,,,,
2018-09-03,,,,,
2018-09-04,,,,,
2018-09-05,,,,,
2018-09-06,,,,,
2018-09-07,,,,,
2018-09-08,,,,,
2018-09-09,,,,,
2018-09-10,,,,,
2018-09-11,,,,,
2018-09-12,,,,,